customer_id,first_name,last_name,phone,email,street,city,state,zip_code
677509,Lois,Walker,303-572-8492,lois.walker@hotmail.com,Denver,Denver,CO,80224
940761,Brenda,Robinson,225-945-4954,brenda.robinson@gmail.com,Stonewall,Stonewall,LA,71078
428945,Joe,Robinson,219-904-2161,joe.robinson@gmail.com,Michigantown,Michigantown,IN,46057
408351,Diane,Evans,215-793-6791,diane.evans@yahoo.com,Hydetown,Hydetown,PA,16328
193819,Benjamin,Russell,262-404-2252,benjamin.russell@charter.net,Fremont,Fremont,WI,54940
499687,Patrick,Bailey,319-812-6957,patrick.bailey@aol.com,Macksburg,Macksburg,IA,50155
539712,Nancy,Baker,229-336-5117,nancy.baker@bp.com,Atlanta,Atlanta,GA,30334
380086,Carol,Murphy,216-336-0009,carol.murphy@gmail.com,Blanchester,Blanchester,OH,45107
477616,Frances,Young,210-819-9765,frances.young@gmail.com,Delmita,Delmita,TX,78536
162402,Diana,Peterson,479-783-5656,diana.peterson@hotmail.co.uk,Eureka Springs,Eureka Springs,AR,72632
231469,Ralph,Flores,316-280-2864,ralph.flores@yahoo.com,Sabetha,Sabetha,KS,66534
153989,Jack,Alexander,702-603-3769,jack.alexander@gmail.com,Las Vegas,Las Vegas,NV,89170
386158,Melissa,King,216-605-3731,melissa.king@comcast.net,New Matamoras,New Matamoras,OH,45767
301576,Wayne,Watson,701-231-9370,wayne.watson@gmail.com,Maida,Maida,ND,58255
441771,Cheryl,Scott,215-288-9345,cheryl.scott@gmail.com,Quecreek,Quecreek,PA,15555
528509,Paula,Diaz,252-531-7641,paula.diaz@gmail.com,Beulaville,Beulaville,NC,28518
912990,Joshua,Stewart,217-279-9342,joshua.stewart@yahoo.ca,New Douglas,New Douglas,IL,62074
214352,Theresa,Lee,319-553-8919,theresa.lee@gmail.com,Toeterville,Toeterville,IA,50481
890290,Julia,Scott,423-939-1010,julia.scott@apple.com,Primm Springs,Primm Springs,TN,38476
622406,Thomas,Lewis,314-679-3697,thomas.lewis@gmail.com,Dutchtown,Dutchtown,MO,63745
979607,Carol,Edwards,225-283-4295,carol.edwards@msn.com,Shreveport,Shreveport,LA,71162
969580,Matthew,Turner,236-972-7624,matthew.turner@gmail.com,Heathsville,Heathsville,VA,22473
426038,Joan,Stewart,216-637-6800,joan.stewart@yahoo.com,Middleport,Middleport,OH,45760
388642,Ruby,Rogers,423-231-6507,ruby.rogers@gmail.com,Woodbury,Woodbury,TN,37190
560455,Carolyn,Hayes,239-882-8784,carolyn.hayes@hotmail.co.uk,Saint Cloud,Saint Cloud,FL,34771
477253,Anne,Russell,605-635-1306,anne.russell@ibm.com,Stockholm,Stockholm,SD,57264
263480,Daniel,Cooper,701-510-8162,daniel.cooper@yahoo.com,Manning,Manning,ND,58642
683826,Roger,Roberts,206-497-3141,roger.roberts@gmail.com,Mount Vernon,Mount Vernon,WA,98273
474599,Maria,Walker,423-668-5506,maria.walker@microsoft.com,Lawrenceburg,Lawrenceburg,TN,38464
335732,Brenda,Butler,480-814-8284,brenda.butler@gmail.com,Mesa,Mesa,AZ,85208
329752,Lillian,Brown,239-812-9041,lillian.brown@aol.com,Panacea,Panacea,FL,32346
893212,Amy,Howard,803-613-3168,amy.howard@aol.com,Kline,Kline,SC,29814
621833,Gregory,Edwards,503-256-9654,gregory.edwards@outlook.com,Bonanza,Bonanza,OR,97623
456747,Roy,Griffin,219-506-9378,roy.griffin@yahoo.com,Liberty,Liberty,IN,47353
278556,Richard,Mitchell,205-621-5884,richard.mitchell@verizon.net,Ohatchee,Ohatchee,AL,36271
333476,Mary,Wilson,423-937-8660,mary.wilson@sbcglobal.net,Nashville,Nashville,TN,37219
218791,Aaron,Price,219-287-8926,aaron.price@bp.com,Eckerty,Eckerty,IN,47116
134841,Donna,Brown,212-434-7910,donna.brown@aol.com,Lima,Lima,NY,14485
726264,Carl,Collins,479-740-7633,carl.collins@yahoo.com,Wright,Wright,AR,72182
766610,Joyce,Jenkins,262-455-4187,joyce.jenkins@aol.com,Ellsworth,Ellsworth,WI,54011
923947,Mary,Bryant,319-827-3516,mary.bryant@verizon.net,Conroy,Conroy,IA,52220
227922,Amanda,Hughes,225-544-9700,amanda.hughes@rediffmail.com,Lake Charles,Lake Charles,LA,70605
265813,Jack,Campbell,316-499-5737,jack.campbell@gmail.com,Kalvesta,Kalvesta,KS,67856
247137,Alan,Rivera,423-277-6819,alan.rivera@apple.com,Knoxville,Knoxville,TN,37901
407061,Elizabeth,Jackson,603-568-6118,elizabeth.jackson@aol.com,Rochester,Rochester,NH,3867
226714,Nancy,Davis,219-610-3067,nancy.davis@ibm.com,Bowling Green,Bowling Green,IN,47833
702813,Ernest,Martinez,479-951-4138,ernest.martinez@gmail.com,Uniontown,Uniontown,AR,72955
524896,Judy,Hernandez,316-736-6126,judy.hernandez@gmail.com,Topeka,Topeka,KS,66606
363065,Nancy,Jones,212-825-1930,nancy.jones@gmail.com,New York City,New York City,NY,10087
879753,Pamela,Wright,307-329-8832,pamela.wright@aol.com,Banner,Banner,WY,82832
958326,Larry,Miller,217-574-9283,larry.miller@shell.com,East Saint Louis,East Saint Louis,IL,62201
447813,Ann,Coleman,319-994-4179,ann.coleman@ibm.com,Hancock,Hancock,IA,51536
525955,Judy,Gonzales,201-640-8645,judy.gonzales@gmail.com,Eatontown,Eatontown,NJ,7724
818384,Peter,Washington,231-322-0316,peter.washington@bp.com,Portage,Portage,MI,49024
971640,Clarence,Ross,423-772-0118,clarence.ross@apple.com,Oneida,Oneida,TN,37841
253573,Sharon,Lopez,304-934-5548,sharon.lopez@gmail.com,Bartley,Bartley,WV,24813
904898,Ann,Cooper,406-278-6460,ann.cooper@exxonmobil.com,Arlee,Arlee,MT,59821
515103,Anne,Perez,423-837-3338,anne.perez@sbcglobal.net,Cookeville,Cookeville,TN,38505
491943,Nancy,Howard,236-973-8086,nancy.howard@gmail.com,Saxe,Saxe,VA,23967
750173,Antonio,Roberts,205-267-7304,antonio.roberts@hotmail.com,Mc Calla,Mc Calla,AL,35111
687017,Frances,Watson,406-530-8069,frances.watson@outlook.com,Trego,Trego,MT,59934
241882,Debra,Wood,308-646-6219,debra.wood@hotmail.com,Blair,Blair,NE,68009
758872,Henry,Jenkins,314-731-7135,henry.jenkins@hotmail.com,Riverside,Riverside,MO,64150
940922,Melissa,Butler,308-827-9016,melissa.butler@hotmail.com,Maxwell,Maxwell,NE,69151
917937,Todd,Hall,240-513-8668,todd.hall@yahoo.com,Randallstown,Randallstown,MD,21133
917395,Christopher,Nelson,480-946-9780,christopher.nelson@aol.com,Willow Beach,Willow Beach,AZ,86445
183071,Andrea,Garcia,219-624-3708,andrea.garcia@aol.com,Granger,Granger,IN,46530
316110,Jeremy,Sanchez,423-974-2755,jeremy.sanchez@hotmail.com,Alcoa,Alcoa,TN,37701
293459,Steven,Phillips,225-968-5952,steven.phillips@hotmail.com,Baton Rouge,Baton Rouge,LA,70833
732017,Cynthia,Ramirez,406-961-7340,cynthia.ramirez@btinternet.com,Browning,Browning,MT,59417
915638,Jason,Anderson,217-856-6752,jason.anderson@gmail.com,Hudson,Hudson,IL,61748
478003,Cynthia,White,314-593-3092,cynthia.white@gmail.com,Kansas City,Kansas City,MO,64133
951225,Margaret,Brooks,303-960-0117,margaret.brooks@gmail.com,Haswell,Haswell,CO,81045
883936,Douglas,Flores,303-836-4721,douglas.flores@gmail.com,Eckert,Eckert,CO,81418
528673,Paul,Watson,270-556-7711,paul.watson@hotmail.com,Blue River,Blue River,KY,41607
765850,Linda,Moore,215-793-7095,linda.moore@gmail.com,Albion,Albion,PA,16401
262382,Cheryl,Miller,270-880-3858,cheryl.miller@ntlworld.com,Bays,Bays,KY,41310
870820,Martha,Washington,405-945-0242,martha.washington@aol.com,Nardin,Nardin,OK,74646
806955,William,Hernandez,239-276-0532,william.hernandez@rediffmail.com,Mary Esther,Mary Esther,FL,32569
325319,Carolyn,Price,217-409-4338,carolyn.price@yahoo.com,Wheaton,Wheaton,IL,60189
623253,Ruby,Stewart,218-445-2369,ruby.stewart@gmail.com,Margie,Margie,MN,56658
225925,Paul,Cooper,210-984-4722,paul.cooper@gmail.com,Glidden,Glidden,TX,78943
761821,Ernest,Washington,212-596-1659,ernest.washington@msn.com,Saranac Lake,Saranac Lake,NY,12983
400173,Dorothy,Edwards,215-902-6888,dorothy.edwards@hotmail.co.uk,Philadelphia,Philadelphia,PA,19132
802554,Ryan,Alexander,225-395-3347,ryan.alexander@shell.com,Jarreau,Jarreau,LA,70749
476433,Lillian,Mitchell,316-876-1484,lillian.mitchell@shaw.ca,Wichita,Wichita,KS,67214
533952,Kelly,Adams,405-418-0037,kelly.adams@bp.com,Meno,Meno,OK,73760
623929,Jimmy,Howard,212-855-9316,jimmy.howard@yahoo.com,Oriskany,Oriskany,NY,13424
844177,Margaret,Allen,216-697-6987,margaret.allen@gmail.com,Richmond Dale,Richmond Dale,OH,45673
212893,Janet,Henderson,239-769-6347,janet.henderson@ntlworld.com,Miami,Miami,FL,33166
185032,Eugene,Perez,262-472-7112,eugene.perez@exxonmobil.com,Racine,Racine,WI,53490
867084,Deborah,Smith,907-279-8694,deborah.smith@yahoo.com,Atqasuk,Atqasuk,AK,99791
969964,Janice,Parker,314-842-5984,janice.parker@yahoo.com,Whiteman Air Force Base,Whiteman Air Force Base,MO,65305
158666,Rebecca,Stewart,209-233-7631,rebecca.stewart@gmail.com,Independence,Independence,CA,93526
489424,Phillip,White,503-668-6592,phillip.white@gmail.com,Mapleton,Mapleton,OR,97453
639892,Jose,Hill,228-245-5000,jose.hill@hotmail.com,Biloxi,Biloxi,MS,39532
704709,Harold,Nelson,217-555-9216,harold.nelson@gmail.com,Carol Stream,Carol Stream,IL,60351
461593,Nicole,Ward,231-761-7861,nicole.ward@yahoo.com,Detroit,Detroit,MI,48278
392491,Theresa,Murphy,907-356-1555,theresa.murphy@gmail.com,Mc Grath,Mc Grath,AK,99627
495141,Tammy,Young,231-290-3075,tammy.young@comcast.net,Alma,Alma,MI,48801
